category,image_url,download_time,file_path
bicycle,https://i.ebayimg.com/images/g/4C8AAOSwJgpnwEw6/s-l500.webp,2025-03-28 08:34:36.837870,images\bicycle\5ae53ea3daacdc464513a1948979aebc.jpg
bicycle,https://i.ebayimg.com/images/g/QyoAAOSwxGlnkIZj/s-l500.webp,2025-03-28 08:34:37.472395,images\bicycle\e83824f1f1946b5401eeed606332095c.jpg
bicycle,https://i.ebayimg.com/images/g/txoAAOSwFftnFjZk/s-l500.webp,2025-03-28 08:34:38.246546,images\bicycle\d1206e70906890152c94d145c4b86d9a.jpg
bicycle,https://i.ebayimg.com/images/g/MNcAAOSwW5VncKtg/s-l500.webp,2025-03-28 08:34:39.017479,images\bicycle\98262b44e81948adc64235230298978e.jpg
bicycle,https://i.ebayimg.com/images/g/wGgAAeSwM0JnsFYq/s-l500.webp,2025-03-28 08:34:39.841163,images\bicycle\41f4893373c6c5e7ad91f65eab0ce5f5.jpg
bicycle,https://i.ebayimg.com/images/g/85MAAOSw5r9eEYnu/s-l500.webp,2025-03-28 08:34:40.590167,images\bicycle\8e78c85c406e277efb0fa7f7e9d1b982.jpg
bicycle,https://i.ebayimg.com/images/g/W9cAAOSwzORnQRoB/s-l500.webp,2025-03-28 08:34:41.318404,images\bicycle\f570d15239a0ff01a07621696c54f34d.jpg
bicycle,https://i.ebayimg.com/images/g/nsQAAOSwrdRntWg9/s-l500.webp,2025-03-28 08:34:42.056827,images\bicycle\402e37b56dfdaaceaf8123b353102241.jpg
bicycle,https://i.ebayimg.com/images/g/XhUAAOSwvmxnyN~v/s-l500.webp,2025-03-28 08:34:42.795922,images\bicycle\1c2abfeccd5da0d185acc9415da77200.jpg
bicycle,https://i.ebayimg.com/images/g/ejsAAOSw19Fn0wzq/s-l500.webp,2025-03-28 08:34:43.456179,images\bicycle\1db058fdab3aac7823d85028757d7931.jpg
bicycle,https://i.ebayimg.com/images/g/e0IAAOSwXrBnm-TY/s-l500.webp,2025-03-28 08:34:44.086684,images\bicycle\cf931511fe1f06fac5e4f36f6ed4471d.jpg
bicycle,https://i.ebayimg.com/images/g/gMwAAOSwsUVicXWL/s-l500.webp,2025-03-28 08:34:44.847197,images\bicycle\adb9bb913c948f339e96f4bfb62927d3.jpg
bus,https://ir.ebaystatic.com/rs/v/fxxj3ttftm5ltcqnto1o4baovyl.png,2025-03-28 08:35:00.350012,images\bus\989d155fe0261a9d9938549a3c2f8168.png
bus,https://i.ebayimg.com/images/g/H6UAAOSw7a9nwjh1/s-l500.webp,2025-03-28 08:35:01.602838,images\bus\2c10bbb1ab3b8f0a397abb861f33da7b.jpg
bus,https://i.ebayimg.com/images/g/I2kAAOSwWS9n5K90/s-l500.webp,2025-03-28 08:35:02.393646,images\bus\c74c60cc65c679e721f4c1c73cbe0abd.jpg
bus,https://i.ebayimg.com/images/g/QAkAAOSw3ktn4A6R/s-l500.webp,2025-03-28 08:35:03.186285,images\bus\d08562705ee9f4d50a1db891ee334b7c.jpg
bus,https://i.ebayimg.com/images/g/ScoAAOSwmfhn4axM/s-l500.webp,2025-03-28 08:35:03.951470,images\bus\a5dacfc458ffb7260c763194a61dd3d6.jpg
bus,https://i.ebayimg.com/images/g/gegAAOSw6Xxn0LxX/s-l500.webp,2025-03-28 08:35:04.561842,images\bus\0dc670d20feebe043d6c061b895c5af8.jpg
bus,https://i.ebayimg.com/images/g/LkMAAOSwlqJn5JdP/s-l500.webp,2025-03-28 08:35:05.352487,images\bus\08eddbd702e3a4d9c427eacab699534f.jpg
bus,https://i.ebayimg.com/images/g/wEsAAOSwg1Nn31PF/s-l500.webp,2025-03-28 08:35:06.088275,images\bus\b34c9b1f35c9b4244462b0ee18dda96d.jpg
bus,https://i.ebayimg.com/images/g/cPsAAOSwd2Vn2IjN/s-l500.webp,2025-03-28 08:35:07.030809,images\bus\e4c71460569362c1c85aac61da2317c3.jpg
bus,https://i.ebayimg.com/images/g/bOkAAOSwaN1nwQ26/s-l500.webp,2025-03-28 08:35:07.769577,images\bus\f2bd72d325ff65b4c4ac6b982ea197d4.jpg
bus,https://i.ebayimg.com/images/g/rC0AAOSwUYNmRTIT/s-l500.webp,2025-03-28 08:35:08.547972,images\bus\7732bbdfe6263c389d6756a4325b542b.jpg
bus,https://i.ebayimg.com/images/g/VGEAAOSwowVn4PcG/s-l500.webp,2025-03-28 08:35:09.293548,images\bus\8d8731f20442232a810475cd6d2c661c.jpg
bus,https://i.ebayimg.com/images/g/pdsAAOSwyeVn4O3s/s-l500.webp,2025-03-28 08:35:10.093079,images\bus\18112a04f1a238ec457b2da47eee8d9f.jpg
bus,https://i.ebayimg.com/images/g/FxMAAOSwc6VnVzIn/s-l500.webp,2025-03-28 08:35:11.087025,images\bus\eb68d17bdf2b3c5b48d84f09713e7e7a.jpg
bus,https://i.ebayimg.com/images/g/RjIAAOSwFcdn5MbX/s-l500.webp,2025-03-28 08:35:11.934070,images\bus\3add9074253b9bcbb3212fa4d6342093.jpg
bus,https://i.ebayimg.com/images/g/hPwAAOSwiRZm-vSh/s-l500.webp,2025-03-28 08:35:12.846917,images\bus\2e8228064375c97067ac308b9167af46.jpg
bus,https://i.ebayimg.com/images/g/UeIAAOSwR-tneFh3/s-l500.webp,2025-03-28 08:35:13.791519,images\bus\521c9b1166bd20e903f890cf1d81c0d1.jpg
bus,https://i.ebayimg.com/images/g/Bu4AAOSwwl1n0w9N/s-l500.webp,2025-03-28 08:35:14.772657,images\bus\b59050db388d119bf5a718f36be3fcb9.jpg
bus,https://i.ebayimg.com/images/g/snYAAOSwspBnydWt/s-l500.webp,2025-03-28 08:35:15.593511,images\bus\96bdc955de620a7cee0b4f0b0b612651.jpg
bus,https://i.ebayimg.com/images/g/ijEAAOSwkHtn0avT/s-l500.webp,2025-03-28 08:35:16.432593,images\bus\44ca1b8f25b50f77b89017fdbcd7b40e.jpg
bus,https://i.ebayimg.com/images/g/QQEAAOSweIJn2t2P/s-l500.webp,2025-03-28 08:35:17.252822,images\bus\ab11679442aa2c417c44af6a0e9f2ec9.jpg
bus,https://i.ebayimg.com/images/g/yCIAAOSwCEln1z-n/s-l500.webp,2025-03-28 08:35:18.086934,images\bus\950b727d1aeb4ae37ba704b6d56ad5a6.jpg
bus,https://i.ebayimg.com/images/g/j7AAAOSwePZn3fXR/s-l500.webp,2025-03-28 08:35:18.914415,images\bus\7a395c00fdee0d19ad5f112a7d318fd2.jpg
bus,https://i.ebayimg.com/images/g/XkIAAOSweM1n5IBh/s-l500.webp,2025-03-28 08:35:19.895798,images\bus\4a18a6626639914254e0ce410264ea65.jpg
bus,https://i.ebayimg.com/images/g/h2MAAOSwK1tn5MQ1/s-l500.webp,2025-03-28 08:35:20.704720,images\bus\3debfc23bc4a8c2e315ecac35f73fba7.jpg
bus,https://i.ebayimg.com/images/g/qWYAAOSwng9mhg7h/s-l500.webp,2025-03-28 08:35:21.674321,images\bus\43504cb785936c3ca11ca4fe5e65b723.jpg
bus,https://i.ebayimg.com/images/g/1eAAAOSwwH5nzPz4/s-l500.webp,2025-03-28 08:35:22.555929,images\bus\5177fe8394674385181e7f11bd347caf.jpg
bus,https://i.ebayimg.com/images/g/F~sAAOSwM6hn0v2s/s-l500.webp,2025-03-28 08:35:23.550527,images\bus\3abc550712cf6234edcf29b238390ac1.jpg
bus,https://i.ebayimg.com/images/g/nZ8AAOSwr6BnQMAA/s-l500.webp,2025-03-28 08:35:24.396418,images\bus\0f7d8b48e38ace4ffed091a63335a711.jpg
bus,https://i.ebayimg.com/images/g/z8AAAOSwuMxnRTh0/s-l500.webp,2025-03-28 08:35:25.197838,images\bus\200f87a1e69ebee9925d7caa1be125a6.jpg
bus,https://i.ebayimg.com/images/g/SjMAAOSwFHtm8CbL/s-l500.webp,2025-03-28 08:35:26.009847,images\bus\a96eabea453e42f436e77e721bfafbd0.jpg
bus,https://i.ebayimg.com/images/g/VJAAAOSwWY1n4z77/s-l500.webp,2025-03-28 08:35:26.743614,images\bus\474303225f28016ba7abbac0d96af711.jpg
bus,https://i.ebayimg.com/images/g/4ucAAOSw8bNldyBG/s-l500.webp,2025-03-28 08:35:27.447093,images\bus\79b5d4add86102d2c36580c6695ab212.jpg
bus,https://i.ebayimg.com/images/g/ClkAAOSwMfNmzTTh/s-l500.webp,2025-03-28 08:35:28.318243,images\bus\201e698be161d4a2b1210e24bf4264ba.jpg
bus,https://i.ebayimg.com/images/g/U3kAAOSw6hJnAu5y/s-l500.webp,2025-03-28 08:35:29.218459,images\bus\9a35424e844aeb1cdb97b1c8c54b0471.jpg
bus,https://i.ebayimg.com/images/g/60oAAOSwPxRn4YSG/s-l500.webp,2025-03-28 08:35:30.043121,images\bus\36b4ffb6a7f39681b6a77a260842b44c.jpg
bus,https://i.ebayimg.com/images/g/RUsAAOSwWtJn0w7r/s-l500.webp,2025-03-28 08:35:30.894711,images\bus\f8995890453743622db302c914de6575.jpg
bus,https://i.ebayimg.com/images/g/Y-EAAOSwGUlnAucj/s-l500.webp,2025-03-28 08:35:31.751190,images\bus\4bfac443204a713807ab5d1a203e78e2.jpg
bus,https://i.ebayimg.com/images/g/0NMAAOSw4vZnXgHR/s-l500.webp,2025-03-28 08:35:32.645081,images\bus\da5e61ebe85e70e27d6bd53a16a841ac.jpg
bus,https://i.ebayimg.com/images/g/rnUAAOSw9YVnz3ho/s-l500.webp,2025-03-28 08:35:33.562915,images\bus\1258e0249ecaa4a0a1ab0be61c397ebf.jpg
bus,https://i.ebayimg.com/images/g/GtYAAOSwU7hn1aVS/s-l500.webp,2025-03-28 08:35:34.484477,images\bus\2608af035f03496ff9f8ae123b33901b.jpg
bus,https://i.ebayimg.com/images/g/If4AAOSw~AFn4xCu/s-l500.webp,2025-03-28 08:35:35.413051,images\bus\a8036b90d0aee9fdd64cccbc0c2c70be.jpg
bus,https://i.ebayimg.com/images/g/ZzYAAOSwGo1nwQDQ/s-l500.webp,2025-03-28 08:35:36.248353,images\bus\dc0c45e67419ce3bfef5ca24f4d611ff.jpg
bus,https://i.ebayimg.com/images/g/JzsAAOSw2V5n2dYp/s-l500.webp,2025-03-28 08:35:36.971414,images\bus\c8e2ef918616780dd0a8ac78db43751f.jpg
bus,https://i.ebayimg.com/images/g/YlgAAOSwYI1naCVG/s-l500.webp,2025-03-28 08:35:37.669369,images\bus\8cb9521d81bb7b3386f9b9365fa16054.jpg
bus,https://i.ebayimg.com/images/g/iV8AAOSwC9BnsOr3/s-l500.webp,2025-03-28 08:35:38.511367,images\bus\317a0600e65adcbe9f4eefd72940ebdf.jpg
bus,https://i.ebayimg.com/images/g/kyQAAOSwCdxm1ycS/s-l500.webp,2025-03-28 08:35:39.423239,images\bus\501e706fbd4d82eeca2cde8fe394fdb3.jpg
bus,https://i.ebayimg.com/images/g/C7cAAOSwtCJn4PkS/s-l500.webp,2025-03-28 08:35:40.230887,images\bus\d1422728bd75a89598c348282bdd1b92.jpg
bus,https://i.ebayimg.com/images/g/-X0AAOSwsmln2w1K/s-l500.webp,2025-03-28 08:35:41.062470,images\bus\354aa575de734608e39c87bc21e1b526.jpg
bus,https://i.ebayimg.com/images/g/-HEAAOSw~K1n0f6O/s-l500.webp,2025-03-28 08:35:41.957462,images\bus\63801feb4cb36429e41e017f8e76ccd4.jpg
bus,https://i.ebayimg.com/images/g/Z7IAAOSwhhZnN60s/s-l500.webp,2025-03-28 08:35:42.640847,images\bus\2afe33a84c5572e072e5f031a710b29a.jpg
bus,https://i.ebayimg.com/images/g/nkYAAOSwxGdnz1EB/s-l500.webp,2025-03-28 08:35:43.478034,images\bus\3b5e9af6f0c2bf2aacdfec7b256ebec1.jpg
bus,https://i.ebayimg.com/images/g/jDYAAOSwTVxmGEb-/s-l500.webp,2025-03-28 08:35:44.178836,images\bus\0856fce33f437d9ffef65c4426de07e2.jpg
bus,https://i.ebayimg.com/images/g/bLcAAOSwlddn4cxo/s-l500.webp,2025-03-28 08:35:44.981147,images\bus\ed4c827ca52aa8d672ac0a210fba0f8e.jpg
bus,https://i.ebayimg.com/images/g/5eEAAOSw4M5n3Jte/s-l500.webp,2025-03-28 08:35:45.972017,images\bus\ef8304cdfda64f20aac2f46d4c026c56.jpg
bus,https://i.ebayimg.com/images/g/ZOwAAOSwdo5nU1-M/s-l500.webp,2025-03-28 08:35:46.685638,images\bus\25d6cc3e134f85f4362478c38b00db52.jpg
bus,https://i.ebayimg.com/images/g/deUAAOSw8Ahn5KYK/s-l500.webp,2025-03-28 08:35:47.556159,images\bus\e0a76d4346d356fc3b581ac0f70802aa.jpg
bus,https://i.ebayimg.com/images/g/uCIAAOSwjMpn2Fn~/s-l500.webp,2025-03-28 08:35:48.376845,images\bus\690dfbe7b9d90ea11a4f9b2a6276cd08.jpg
bus,https://i.ebayimg.com/images/g/nowAAOSwXDFnx6Sv/s-l500.webp,2025-03-28 08:35:49.229707,images\bus\d8a63fa907be34ce84fc5c32e6ccebc7.jpg
bus,https://i.ebayimg.com/images/g/ITEAAOSwiP1n1HVf/s-l500.webp,2025-03-28 08:35:50.042072,images\bus\a4f538fca1b10cc987bb9bee300d2698.jpg
bus,https://i.ebayimg.com/images/g/q0IAAOSw5Aln0IpM/s-l500.webp,2025-03-28 08:35:50.906166,images\bus\238174b90e095001dbea96c56cb85f07.jpg
truck,https://ir.ebaystatic.com/rs/v/fxxj3ttftm5ltcqnto1o4baovyl.png,2025-03-28 08:36:07.607176,images\truck\989d155fe0261a9d9938549a3c2f8168.png
boat,https://ir.ebaystatic.com/rs/v/fxxj3ttftm5ltcqnto1o4baovyl.png,2025-03-28 08:36:37.032068,images\boat\989d155fe0261a9d9938549a3c2f8168.png
boat,https://i.ebayimg.com/images/g/ZJEAAOSwgehn5ZcT/s-l500.webp,2025-03-28 08:36:38.257430,images\boat\7af07719f519f9674c9bae0b73ca6b63.jpg
boat,https://i.ebayimg.com/images/g/nhwAAOSwdLBn5bl6/s-l500.webp,2025-03-28 08:36:39.081917,images\boat\5b7d8fc9b8a82ec97973c5cdfd594b28.jpg
boat,https://i.ebayimg.com/images/g/9pUAAOSwLCJn3eU5/s-l500.webp,2025-03-28 08:36:39.934015,images\boat\934492ef32391883122286ae0fdf7a0b.jpg
boat,https://i.ebayimg.com/images/g/rSoAAOSwGWxn3e0u/s-l500.webp,2025-03-28 08:36:40.833819,images\boat\315e489691bc34fbb4ddfd0d9afd4b6f.jpg
boat,https://i.ebayimg.com/images/g/tcwAAOSwt9dnv-A7/s-l500.webp,2025-03-28 08:36:41.680944,images\boat\c2c49cbe9b33bec66a244b71d77d7b80.jpg
boat,https://i.ebayimg.com/images/g/s~kAAOSw4wRn5Eu1/s-l500.webp,2025-03-28 08:36:42.501003,images\boat\81571100ceaeacba93c6d6a3fa59b642.jpg
boat,https://i.ebayimg.com/images/g/TpwAAOSwBP5nrpjD/s-l500.webp,2025-03-28 08:36:43.321263,images\boat\59e1857e779c97465ad25e548cbe6b62.jpg
boat,https://i.ebayimg.com/images/g/Rf4AAOSw9jpn3dqV/s-l500.webp,2025-03-28 08:36:44.152214,images\boat\938b26b3ef6e01ea877700a9737b5f86.jpg
boat,https://i.ebayimg.com/images/g/upsAAOSwEHBnzM-S/s-l500.webp,2025-03-28 08:36:45.084604,images\boat\091f6bd4fd59d470b39a527798bfe860.jpg
boat,https://i.ebayimg.com/images/g/w2EAAOSw6Jdn5DOJ/s-l500.webp,2025-03-28 08:36:45.888747,images\boat\2d9cde82e812bb070b9781d3fe97e23e.jpg
boat,https://i.ebayimg.com/images/g/V3IAAOSw961n4xnH/s-l500.webp,2025-03-28 08:36:46.629266,images\boat\249163f0a0f041debe0a488e830db550.jpg
boat,https://i.ebayimg.com/images/g/ODAAAOSw7WdnwkpC/s-l500.webp,2025-03-28 08:36:47.371968,images\boat\ffeae0c3549c9f9f2c33b31ce48d570a.jpg
boat,https://i.ebayimg.com/images/g/xKsAAOSwedxn4tWI/s-l500.webp,2025-03-28 08:36:48.152886,images\boat\f7d87fdf2640491cb9ecbb3298957db1.jpg
bicycle,https://i.ebayimg.com/images/g/jDYAAOSw89FnwjxI/s-l500.webp,2025-03-28 08:40:40.252172,images\bicycle\faeee95c24d78ba2c552ead5d39549f8.jpg
bicycle,https://i.ebayimg.com/images/g/BdUAAOSwIjJn5bLK/s-l500.webp,2025-03-28 08:40:41.061323,images\bicycle\d389b325165290fd77e6a35cce69879c.jpg
bicycle,https://i.ebayimg.com/images/g/abYAAOSw98xndJGl/s-l500.webp,2025-03-28 08:40:41.645966,images\bicycle\7f0ee0b65321737630a176c4dbbbe5de.jpg
bicycle,https://i.ebayimg.com/images/g/p2IAAOSwcBpnWoEJ/s-l500.webp,2025-03-28 08:40:42.404686,images\bicycle\f7b818a0db71a807f54f952fc340246e.jpg
bicycle,https://i.ebayimg.com/images/g/lhEAAeSwehpn5ePO/s-l500.webp,2025-03-28 08:40:43.369229,images\bicycle\f8b685366c83ac3a339349cb4badd68c.jpg
bicycle,https://i.ebayimg.com/images/g/Lk8AAOSwJc9n5Y2k/s-l500.webp,2025-03-28 08:40:44.104594,images\bicycle\6ac1010c9901b27a2c84ba0bc7ac4cae.jpg
bicycle,https://i.ebayimg.com/images/g/EhgAAeSwC-Jn5bfY/s-l500.webp,2025-03-28 08:40:45.012481,images\bicycle\6bc734b816c8885e0e36a400215a57b6.jpg
bicycle,https://i.ebayimg.com/images/g/izcAAeSw9ipn5eED/s-l500.webp,2025-03-28 08:40:51.979277,images\bicycle\9be61988cac8a859355b12ff399b3e4a.jpg
bicycle,https://i.ebayimg.com/images/g/-VkAAeSwR4tn5XfS/s-l500.webp,2025-03-28 08:40:52.913421,images\bicycle\35d0e230664e37ba3618c18e69608500.jpg
bicycle,https://i.ebayimg.com/images/g/UI4AAOSwsnJnqr36/s-l500.webp,2025-03-28 08:40:53.717073,images\bicycle\da05ad101ee1924fae422e39bdc16c1f.jpg
bicycle,https://i.ebayimg.com/images/g/XWkAAOSwoYBndJGm/s-l500.webp,2025-03-28 08:40:54.381813,images\bicycle\23f6ee19ddfd2d62366d1aec44eb318b.jpg
bicycle,https://i.ebayimg.com/images/g/tF0AAOSwo6lnTVw~/s-l500.webp,2025-03-28 08:40:55.198826,images\bicycle\2601c750ea13f344170ce618a0c7d985.jpg
bicycle,https://i.ebayimg.com/images/g/MSgAAOSwIuhmnW7S/s-l500.webp,2025-03-28 08:40:56.124354,images\bicycle\b432d091b37fac2e552f0b03668620da.jpg
bicycle,https://i.ebayimg.com/images/g/ceEAAOSwjsNmsRJe/s-l500.webp,2025-03-28 08:40:56.967499,images\bicycle\0b6d5a93129fdf11f591a7755b010ccb.jpg
bicycle,https://i.ebayimg.com/images/g/KVYAAOSww3tmMuj9/s-l500.webp,2025-03-28 08:40:57.654421,images\bicycle\e1b820933419e7c8c27405adb39ee3cd.jpg
bicycle,https://i.ebayimg.com/images/g/WScAAeSwoa5n5dm~/s-l500.webp,2025-03-28 08:40:58.720267,images\bicycle\3090aaeac917633bc853cbc802fe9626.jpg
bicycle,https://i.ebayimg.com/images/g/wi4AAeSwU3Znx~1Z/s-l500.webp,2025-03-28 08:40:59.629786,images\bicycle\75e9a013dcaa24dde301aad2dfe974e6.jpg
bicycle,https://i.ebayimg.com/images/g/gLoAAeSwhQFnxn9f/s-l500.webp,2025-03-28 08:41:00.455662,images\bicycle\b5f7d179a3d5fd4a71f3e7ff64a7d2d5.jpg
bicycle,https://i.ebayimg.com/images/g/eXgAAeSwuSRny~Xv/s-l500.webp,2025-03-28 08:41:01.282951,images\bicycle\ed987069952e26b26db2bea2f916480d.jpg
bicycle,https://i.ebayimg.com/images/g/CyEAAOSw2K1n5dz5/s-l500.webp,2025-03-28 08:41:05.037033,images\bicycle\9efc756d4c159d01aafbf638ecec8913.jpg
bicycle,https://i.ebayimg.com/images/g/7t4AAOSw2RhmngGz/s-l500.webp,2025-03-28 08:41:05.893276,images\bicycle\b7affbe358bf9bccef2b704b600b41e9.jpg
bicycle,https://i.ebayimg.com/images/g/pdEAAOSwlG1nd5YB/s-l500.webp,2025-03-28 08:41:06.616714,images\bicycle\2397f47acc176f8734d9d1eeeb32b80a.jpg
bicycle,https://i.ebayimg.com/images/g/SaYAAeSwLaZn5XBx/s-l500.webp,2025-03-28 08:41:07.657534,images\bicycle\fc93a86e231699354385a0077652f5ab.jpg
bicycle,https://i.ebayimg.com/images/g/ggIAAeSwTsRnvsLm/s-l500.webp,2025-03-28 08:41:08.483554,images\bicycle\73d4c03f95af5e69d35a3e12d0c1b542.jpg
bicycle,https://i.ebayimg.com/images/g/qQ4AAOSw~JhmoZDB/s-l500.webp,2025-03-28 08:41:09.378893,images\bicycle\be68d0b976251d47e1baa987a947fb1e.jpg
bicycle,https://i.ebayimg.com/images/g/WO4AAeSwpKhnwc99/s-l500.webp,2025-03-28 08:41:10.999212,images\bicycle\102e6ead16eba176d733926a08a39503.jpg
bicycle,https://i.ebayimg.com/images/g/8RgAAOSwvo5mgkhC/s-l500.webp,2025-03-28 08:41:11.660530,images\bicycle\9fb7329672b1112959922abd4e508c14.jpg
bicycle,https://i.ebayimg.com/images/g/LUsAAOSwmY9ijr-r/s-l500.webp,2025-03-28 08:41:12.343087,images\bicycle\e1b2d0ea97ffd564ff0e1d9914f070bc.jpg
bicycle,https://i.ebayimg.com/images/g/dMcAAOSwTPtkhWOl/s-l500.webp,2025-03-28 08:41:13.027552,images\bicycle\785fe541cadbc15107f085456214c130.jpg
bicycle,https://i.ebayimg.com/images/g/wwIAAOSwg6tnzwP2/s-l500.webp,2025-03-28 08:41:13.823717,images\bicycle\05bec62041e20c25572523dbccc90f39.jpg
bicycle,https://i.ebayimg.com/images/g/24IAAOSwwdBnz0QF/s-l500.webp,2025-03-28 08:41:15.514858,images\bicycle\3ba9833b6e10ba4b8d1ddb5c8afd8d8c.jpg
bicycle,https://i.ebayimg.com/images/g/da8AAeSwIiNn5eOE/s-l500.webp,2025-03-28 08:41:16.725548,images\bicycle\289047b2612e2b47522db78a437db7a0.jpg
bicycle,https://i.ebayimg.com/images/g/BrkAAOSwGw1nam~o/s-l500.webp,2025-03-28 08:41:17.847980,images\bicycle\5fbb203246aae4703808c97f76cbca4b.jpg
bicycle,https://i.ebayimg.com/images/g/Jv4AAOSwT~ZndJGn/s-l500.webp,2025-03-28 08:41:18.533914,images\bicycle\d404757d706e72533d40242f394644a3.jpg
bicycle,https://i.ebayimg.com/images/g/b7EAAeSwoz1n5d~4/s-l500.webp,2025-03-28 08:41:19.486916,images\bicycle\39b1e196636d54985909bb606c541575.jpg
bicycle,https://i.ebayimg.com/images/g/jwMAAOSwUwtn5aFF/s-l500.webp,2025-03-28 08:41:20.489106,images\bicycle\cf0ec5533090e20b34521d52ff0052f7.jpg
bicycle,https://i.ebayimg.com/images/g/ZVIAAOSwSWBmubiz/s-l500.webp,2025-03-28 08:41:21.207587,images\bicycle\57aad9c24a208af058f57fad1be0f570.jpg
bicycle,https://i.ebayimg.com/images/g/qBcAAOSwr9lmxjJB/s-l500.webp,2025-03-28 08:41:21.889829,images\bicycle\2f6dd74259c356c01cdcc54940842b52.jpg
bicycle,https://i.ebayimg.com/images/g/DZMAAOSwpzlndJHr/s-l500.webp,2025-03-28 08:41:22.611670,images\bicycle\22f78492900a652ac2ee5e73a70d816c.jpg
bicycle,https://i.ebayimg.com/images/g/KK0AAOSwUpRn5GhX/s-l500.webp,2025-03-28 08:41:23.443110,images\bicycle\cbc76afc5fb894d6f6d15666675be0ad.jpg
bicycle,https://i.ebayimg.com/images/g/0F0AAOSwJBxniAkM/s-l500.webp,2025-03-28 08:41:24.493429,images\bicycle\dd7550f5ff5dc7a3daddee153d5a8eb3.jpg
bicycle,https://i.ebayimg.com/images/g/vz4AAOSwFQBnKe1m/s-l500.webp,2025-03-28 08:41:25.165992,images\bicycle\2d603b4e957be5af3382fcf8e432d094.jpg
bicycle,https://i.ebayimg.com/images/g/UuoAAOSw175lJLgw/s-l500.webp,2025-03-28 08:41:25.977475,images\bicycle\c52e88c6b3cb463415faa06ff226ca0b.jpg
bicycle,https://i.ebayimg.com/images/g/tdcAAOSwm8Zn5bCv/s-l500.webp,2025-03-28 08:41:26.700772,images\bicycle\5046660d7646e6984a5a7a5a328c6cca.jpg
bicycle,https://i.ebayimg.com/images/g/a5oAAOSwFB9n3oZS/s-l500.webp,2025-03-28 08:41:27.405510,images\bicycle\ae28aea7d5708c2ce264b345000d59d3.jpg
bicycle,https://i.ebayimg.com/images/g/kLEAAeSwImNn5eLd/s-l500.webp,2025-03-28 08:41:28.292418,images\bicycle\d24544a4dab37ce73ae3c925cc9e0fe0.jpg
bicycle,https://i.ebayimg.com/images/g/9OEAAOSwMcJmpBmG/s-l500.webp,2025-03-28 08:41:28.965107,images\bicycle\68ca55b12ec9a7c018ec8a291cd89ebf.jpg
bicycle,https://i.ebayimg.com/images/g/-HwAAeSwFIJn5ajQ/s-l500.webp,2025-03-28 08:41:30.069194,images\bicycle\c380936972dc81a92889357f5ab781d7.jpg
bicycle,https://i.ebayimg.com/images/g/bKwAAOSw4SRkVGO6/s-l500.webp,2025-03-28 08:41:30.908725,images\bicycle\5153f8c74b0c17f200a20e0780abf56f.jpg
bicycle,https://i.ebayimg.com/images/g/92cAAOSwGbpnzHHo/s-l500.webp,2025-03-28 08:41:31.716197,images\bicycle\1f0e560db69e54d500fc3de876a147f3.jpg
truck,https://i.ebayimg.com/images/g/hzEAAOSwi~ln1JBK/s-l500.webp,2025-03-28 08:43:11.933609,images\truck\96bcd0706bf387459e291fa6d5ab152d.jpg
truck,https://i.ebayimg.com/images/g/VUgAAOSw5Qln1v~5/s-l500.webp,2025-03-28 08:43:12.724173,images\truck\349c0c776aee8522e424d57abe997499.jpg
truck,https://i.ebayimg.com/images/g/jV0AAOSwi9xn3MRR/s-l500.webp,2025-03-28 08:43:13.356148,images\truck\ea7654f5accbd56a2eb89b669ff4657f.jpg
truck,https://i.ebayimg.com/images/g/UPkAAOSwl6Rn4Z-o/s-l500.webp,2025-03-28 08:43:14.111239,images\truck\45bb2aab1b2f8898dd9bd9efcf7f996e.jpg
truck,https://i.ebayimg.com/images/g/ef8AAOSwDK5n48By/s-l500.webp,2025-03-28 08:43:14.915758,images\truck\6f6a2b18cf54ac794351f8f7a3f0918b.jpg
truck,https://i.ebayimg.com/images/g/IccAAOSwhu9n5J50/s-l500.webp,2025-03-28 08:43:15.707828,images\truck\c3e4ca3179f669b271fa9c77b4f9032c.jpg
truck,https://i.ebayimg.com/images/g/VkkAAOSwlT1n5D0l/s-l500.webp,2025-03-28 08:43:16.340359,images\truck\c89733467d8daae3f1f7ae3a98fb72b2.jpg
truck,https://i.ebayimg.com/images/g/Jh8AAOSw-x5n2Z7u/s-l500.webp,2025-03-28 08:43:17.147882,images\truck\2a1bcf2a4aa60ec41cc33a0e4347c9e4.jpg
truck,https://i.ebayimg.com/images/g/0usAAOSw3ntn5drq/s-l500.webp,2025-03-28 08:43:17.882108,images\truck\36183863e04fdf4a0924f6183918c90e.jpg
truck,https://i.ebayimg.com/images/g/QAwAAOSwHZ1nSK3R/s-l500.webp,2025-03-28 08:43:18.623376,images\truck\4618bb31d3d227308094448a0eef8a14.jpg
truck,https://i.ebayimg.com/images/g/cx0AAOSwCoJn5YB4/s-l500.webp,2025-03-28 08:43:19.353013,images\truck\a9e8b7051593c3ff835aa54829648518.jpg
truck,https://i.ebayimg.com/images/g/9e0AAOSw4k1lhaqZ/s-l500.webp,2025-03-28 08:43:19.986843,images\truck\2bb527d8b9223b21531b265bb8eb9564.jpg
truck,https://i.ebayimg.com/images/g/Xe4AAOSw8Z5nz5aH/s-l500.webp,2025-03-28 08:43:20.612743,images\truck\4723b240306d8275971951814abb665f.jpg
truck,https://i.ebayimg.com/images/g/svcAAOSweBZn3EuA/s-l500.webp,2025-03-28 08:43:21.437828,images\truck\b771d3c1f7db110f58e629c287b5eb9c.jpg
truck,https://i.ebayimg.com/images/g/W44AAOSwNYZn4GT2/s-l500.webp,2025-03-28 08:43:22.058921,images\truck\fdd3c143d6375208e9ef2d0c0b1626b8.jpg
truck,https://i.ebayimg.com/images/g/JwsAAOSwmBZn5bB5/s-l500.webp,2025-03-28 08:43:22.711857,images\truck\0c6fc33f1e46506180770a631693b1e8.jpg
truck,https://i.ebayimg.com/images/g/0N8AAOSwtWNn5YBw/s-l500.webp,2025-03-28 08:43:23.379056,images\truck\292f44a3aa19964c9e3bb52d92e99603.jpg
truck,https://i.ebayimg.com/images/g/nMwAAOSwV4pnzwWk/s-l500.webp,2025-03-28 08:43:24.211868,images\truck\b977f4ed761bad6ceaff692f0082289e.jpg
truck,https://i.ebayimg.com/images/g/2QAAAOSwJ3xn13TZ/s-l500.webp,2025-03-28 08:43:24.966194,images\truck\dc5924b444fbd863949d545603cf4388.jpg
truck,https://i.ebayimg.com/images/g/r2UAAOSwondn5ZVj/s-l500.webp,2025-03-28 08:43:25.797815,images\truck\441adffd3893ff8dfb0b8a6a8c830b01.jpg
truck,https://i.ebayimg.com/images/g/oF8AAOSwZTJmrMuj/s-l500.webp,2025-03-28 08:43:26.376262,images\truck\424d13f195277c454f240a438e295040.jpg
truck,https://i.ebayimg.com/images/g/gBgAAOSwQ8Zn5DQ8/s-l500.webp,2025-03-28 08:43:27.181577,images\truck\430c93ef6fbd48a4b7bd9bef62692790.jpg
truck,https://i.ebayimg.com/images/g/Bc8AAOSwordnwLIT/s-l500.webp,2025-03-28 08:43:27.951791,images\truck\2ace6cce7f445793f99be9e15e65fc72.jpg
truck,https://i.ebayimg.com/images/g/LkcAAOSwxf5n0F7t/s-l500.webp,2025-03-28 08:43:28.724012,images\truck\9be4710b3e41cd09bec95d19a8cb6f15.jpg
truck,https://i.ebayimg.com/images/g/pWkAAOSwL91nw0TT/s-l500.webp,2025-03-28 08:43:29.532108,images\truck\9e0e497c199063a05195491c3bc62ab4.jpg
truck,https://i.ebayimg.com/images/g/eIIAAOSw4ipn2yUk/s-l500.webp,2025-03-28 08:43:30.388092,images\truck\f9977115de1cde800274f88f0ffcd88d.jpg
truck,https://i.ebayimg.com/images/g/2XMAAOSwAYRn4WzS/s-l500.webp,2025-03-28 08:43:31.144963,images\truck\6b0f0eb2dc8ad2ee170a93ffbcb08fbd.jpg
truck,https://i.ebayimg.com/images/g/rzMAAOSwzA1n2OXh/s-l500.webp,2025-03-28 08:43:31.928873,images\truck\0ec9a90b75c1d86a76e1a50f3e27ddbb.jpg
truck,https://i.ebayimg.com/images/g/Qm8AAOSwSGdn4ug6/s-l500.webp,2025-03-28 08:43:32.573371,images\truck\afb0b6bc2ea4d46d87550e7750985115.jpg
truck,https://i.ebayimg.com/images/g/jncAAOSwDiBn3Mbt/s-l500.webp,2025-03-28 08:43:33.190558,images\truck\97f1d78e958609f08b65cc6eaaad5063.jpg
truck,https://i.ebayimg.com/images/g/vqsAAOSwcW5n0FBS/s-l500.webp,2025-03-28 08:43:33.946668,images\truck\e8a4a3e2f12cb28a608490a1a83335b1.jpg
truck,https://i.ebayimg.com/images/g/76sAAOSwQ8tnLuWh/s-l500.webp,2025-03-28 08:43:34.551843,images\truck\7af750a2d6f9f1fa581560bc6c6a2922.jpg
truck,https://i.ebayimg.com/images/g/Z7QAAOSwBxBnX2BN/s-l500.webp,2025-03-28 08:43:35.337679,images\truck\be0795a2da0c1fb19ecbe54516393c68.jpg
truck,https://i.ebayimg.com/images/g/8~8AAeSwKRxn5ZWv/s-l500.webp,2025-03-28 08:43:36.268958,images\truck\912aa9530cfdf513fcfb4f43fd6fa1e8.jpg
truck,https://i.ebayimg.com/images/g/WBQAAOSwC81m-Lh1/s-l500.webp,2025-03-28 08:43:36.895451,images\truck\175f3c90fc4d70c55af3c2a5821d4707.jpg
truck,https://i.ebayimg.com/images/g/DsoAAOSwcPZn5Ep5/s-l500.webp,2025-03-28 08:43:37.624747,images\truck\9653f180647d46c10c0bd2abf473a74f.jpg
truck,https://i.ebayimg.com/images/g/6lUAAOSwGdhn4GOJ/s-l500.webp,2025-03-28 08:43:38.457526,images\truck\000f76a8a487c94735b032df991720f1.jpg
truck,https://i.ebayimg.com/images/g/BecAAOSwLQJn2Cns/s-l500.webp,2025-03-28 08:43:39.264405,images\truck\69ab782c6bf83cffbec0528ef90689cb.jpg
truck,https://i.ebayimg.com/images/g/EGwAAOSwivxn4ZKm/s-l500.webp,2025-03-28 08:43:40.109720,images\truck\401f26bb1cccff2c8a444eaa34ac460e.jpg
truck,https://i.ebayimg.com/images/g/DNsAAOSwmvxn5Fvm/s-l500.webp,2025-03-28 08:43:40.929026,images\truck\58ef8ad66cd0c2353695824922564fd2.jpg
truck,https://i.ebayimg.com/images/g/IVcAAOSwu6tkqgxM/s-l500.webp,2025-03-28 08:43:41.799744,images\truck\558957319c3c3a464d4a351f9f024988.jpg
truck,https://i.ebayimg.com/images/g/i0IAAOSwRCFn5bUu/s-l500.webp,2025-03-28 08:43:42.529816,images\truck\8ed7c4da730b59b6cc566ed51bfbf3fe.jpg
truck,https://i.ebayimg.com/images/g/UIcAAOSw7XFn3GBr/s-l500.webp,2025-03-28 08:43:43.342822,images\truck\5d5d1d6729f061e5f7604848ef9938b4.jpg
truck,https://i.ebayimg.com/images/g/VIAAAOSwiXJn4ujo/s-l500.webp,2025-03-28 08:43:44.018115,images\truck\6a3cd4393897156e91a1ed76c75ea2d7.jpg
truck,https://i.ebayimg.com/images/g/nT4AAOSw1t9m2PM8/s-l500.webp,2025-03-28 08:43:44.913450,images\truck\66417ea30cf9226b9e7272830f029b2e.jpg
truck,https://i.ebayimg.com/images/g/pCQAAOSwtHtnqAO1/s-l500.webp,2025-03-28 08:43:45.600387,images\truck\39713bfe7bf20120f87c7c3fdb3d0107.jpg
truck,https://i.ebayimg.com/images/g/PHEAAOSw28Vn5adJ/s-l500.webp,2025-03-28 08:43:46.311654,images\truck\2a8e2545c7ef9c35c12009075beb63c3.jpg
truck,https://i.ebayimg.com/images/g/AS4AAOSwj3Nn2Gmq/s-l500.webp,2025-03-28 08:43:47.309536,images\truck\8ce3c9869ffbadca6bf5c826a6dfe42c.jpg
truck,https://i.ebayimg.com/images/g/lb8AAeSwaGln0Z11/s-l500.webp,2025-03-28 08:43:48.171180,images\truck\4ad580a40b2e0e6eff7c77d20b25756f.jpg
truck,https://i.ebayimg.com/images/g/qi4AAOSwNGtn5EWK/s-l500.webp,2025-03-28 08:43:48.845339,images\truck\ce7715110f8a16c9ffd6fae756ecf416.jpg
boat,https://i.ebayimg.com/images/g/62YAAOSwumlnzO~E/s-l500.webp,2025-03-28 08:44:17.343815,images\boat\fe749a3506ce01eb25a9ad90139b308b.jpg
boat,https://i.ebayimg.com/images/g/vt0AAOSwbN5n3fHN/s-l500.webp,2025-03-28 08:44:20.972071,images\boat\52749796f6ede9c2e2c95ece5ccca7cf.jpg
boat,https://i.ebayimg.com/images/g/kfgAAOSwRjVnzMAX/s-l500.webp,2025-03-28 08:44:21.735441,images\boat\3412fd2e4ad9e6d5e71e48f7de57b6fd.jpg
boat,https://i.ebayimg.com/images/g/hA4AAOSwCE5n5bt1/s-l500.webp,2025-03-28 08:44:22.398108,images\boat\b88aca3e58fca94729e8d4630f1b6a01.jpg
boat,https://i.ebayimg.com/images/g/uAUAAOSwg75n3eiF/s-l500.webp,2025-03-28 08:44:23.062028,images\boat\ccaca1a6a25ba0c3e98b43c9d218d3b6.jpg
boat,https://i.ebayimg.com/images/g/vUUAAOSwGgJn3gYJ/s-l500.webp,2025-03-28 08:44:23.804459,images\boat\e0a34dea213daa7d692f0ce26ac803f1.jpg
boat,https://i.ebayimg.com/images/g/xn4AAOSwT1Zn3gsD/s-l500.webp,2025-03-28 08:44:24.611890,images\boat\921ffbe473a0857bcf9e15f30dfc18b7.jpg
boat,https://i.ebayimg.com/images/g/eS4AAOSwqt9n3hKw/s-l500.webp,2025-03-28 08:44:25.449649,images\boat\2ba05f4e9f2bc9b71e145b890abb5166.jpg
boat,https://i.ebayimg.com/images/g/cEYAAOSwYExn4y-X/s-l500.webp,2025-03-28 08:44:26.185642,images\boat\660dd0a3d1cda8a7f9da8487ba65109e.jpg
boat,https://i.ebayimg.com/images/g/CH4AAOSwdV1n3glD/s-l500.webp,2025-03-28 08:44:26.763255,images\boat\85325b376ca5092b06572ab9035d5c21.jpg
boat,https://i.ebayimg.com/images/g/iLYAAOSwqpBn5ZM4/s-l500.webp,2025-03-28 08:44:27.525135,images\boat\9278a4c3ba2db5f105eebd46cef24d38.jpg
boat,https://i.ebayimg.com/images/g/dEMAAOSwH4tnr-Oh/s-l500.webp,2025-03-28 08:44:28.283379,images\boat\bbe616b84ef1579696b21a80bb0b8384.jpg
boat,https://i.ebayimg.com/images/g/TOIAAOSwXFlnv56-/s-l500.webp,2025-03-28 08:44:29.044842,images\boat\9a26797c56dace31012a07accc7db331.jpg
boat,https://i.ebayimg.com/images/g/IokAAOSwHVtn4a5Z/s-l500.webp,2025-03-28 08:44:29.675634,images\boat\6a8b18c54051ecd64c262fc36e8c79f4.jpg
boat,https://i.ebayimg.com/images/g/n~YAAOSwqAZn5Yu5/s-l500.webp,2025-03-28 08:44:30.410486,images\boat\3709eafa4a41cb3bc58662d05b43e338.jpg
boat,https://i.ebayimg.com/images/g/kcIAAOSwC8tn1gDr/s-l500.webp,2025-03-28 08:44:31.169464,images\boat\234c6c5615a09e5f83b4077ba9728932.jpg
boat,https://i.ebayimg.com/images/g/UpoAAOSw-lpnz4-x/s-l500.webp,2025-03-28 08:44:32.027661,images\boat\1a3ed1da63dd97282aeae266010c5b2c.jpg
boat,https://i.ebayimg.com/images/g/4lIAAOSweNZn1gUZ/s-l500.webp,2025-03-28 08:44:32.814918,images\boat\d3adb40ec9e8d6c2f2176eb7ce80f4fa.jpg
boat,https://i.ebayimg.com/images/g/eN8AAOSwB-Fn4dMz/s-l500.webp,2025-03-28 08:44:33.564833,images\boat\1bfea38a5cda147f0a4ecf1ff1846215.jpg
boat,https://i.ebayimg.com/images/g/-3MAAOSwU6pmlr1q/s-l500.webp,2025-03-28 08:44:34.178110,images\boat\c8d987f2cebabd6b9d78a2b8107e36d0.jpg
boat,https://i.ebayimg.com/images/g/Br8AAOSwvtpn3gDg/s-l500.webp,2025-03-28 08:44:34.994831,images\boat\a82d03d8f153428cee3d7b267688d680.jpg
boat,https://i.ebayimg.com/images/g/o8gAAOSwi9xn3dkb/s-l500.webp,2025-03-28 08:44:35.603083,images\boat\83082b120f1de8186d08cacacae2af4e.jpg
boat,https://i.ebayimg.com/images/g/aTcAAOSwluZn3eP8/s-l500.webp,2025-03-28 08:44:36.474066,images\boat\2da9b303b8fa69eaecbfd18000a0f49b.jpg
boat,https://i.ebayimg.com/images/g/YWcAAOSwB-Fn4cEG/s-l500.webp,2025-03-28 08:44:37.350273,images\boat\d730b325a0717d84e3dec2f165fdc4cb.jpg
boat,https://i.ebayimg.com/images/g/14MAAOSw3zBnlVxo/s-l500.webp,2025-03-28 08:44:38.163401,images\boat\2e1f71955817e2d81da0ded36eec19d9.jpg
boat,https://i.ebayimg.com/images/g/4~8AAOSwE9Zn0eZN/s-l500.webp,2025-03-28 08:44:38.756156,images\boat\1434c75866f0980c6b5ab99016cc4b50.jpg
boat,https://i.ebayimg.com/images/g/G3oAAOSwzkln3Kw~/s-l500.webp,2025-03-28 08:44:39.351287,images\boat\e5a581a13012eb3a742e133c2fcc8184.jpg
boat,https://i.ebayimg.com/images/g/A7oAAOSwsD5n3eIF/s-l500.webp,2025-03-28 08:44:40.105489,images\boat\fefa02fc536fca11040cfc238573462a.jpg
boat,https://i.ebayimg.com/images/g/IHAAAOSwtuNn0OR6/s-l500.webp,2025-03-28 08:44:40.946043,images\boat\faa7a305e3a720daf9bf22c3cfb54aba.jpg
boat,https://i.ebayimg.com/images/g/ZrcAAOSwhNRn4LmF/s-l500.webp,2025-03-28 08:44:41.766060,images\boat\c3c5f066bb04ccea3112f3c7d632a819.jpg
boat,https://i.ebayimg.com/images/g/01YAAOSwPK5n3fdy/s-l500.webp,2025-03-28 08:44:42.544441,images\boat\8b80cc0f24b37744ffabc95db4044f9d.jpg
boat,https://i.ebayimg.com/images/g/PJUAAOSw6vZn3em-/s-l500.webp,2025-03-28 08:44:43.366996,images\boat\be9c2c6f766c8cd6d6106bcd06f96f4f.jpg
boat,https://i.ebayimg.com/images/g/DBMAAOSwrjRnz2p2/s-l500.webp,2025-03-28 08:44:44.101878,images\boat\fa947de3f4d43faeae785050e42ab26f.jpg
boat,https://i.ebayimg.com/images/g/VdoAAOSwCOtn5FAc/s-l500.webp,2025-03-28 08:44:44.873129,images\boat\73fa39800b00305a2afded84e18c8422.jpg
boat,https://i.ebayimg.com/images/g/E7YAAOSwyj1n3fNE/s-l500.webp,2025-03-28 08:44:45.646440,images\boat\ca5a162687d121b968383608a7d337c5.jpg
boat,https://i.ebayimg.com/images/g/tr0AAOSwpcFnzNK8/s-l500.webp,2025-03-28 08:44:46.395298,images\boat\a2e82076db73c6452d435b753732c1fa.jpg
boat,https://i.ebayimg.com/images/g/dZAAAOSwLd1n3hGz/s-l500.webp,2025-03-28 08:44:47.237679,images\boat\5825e11719e5d644761f88eb177bbac9.jpg
boat,https://i.ebayimg.com/images/g/654AAOSweLZn3fBV/s-l500.webp,2025-03-28 08:44:47.997292,images\boat\d58e1567ae9ca674761398656687583a.jpg
boat,https://i.ebayimg.com/images/g/Nf4AAOSwRL5n3gTO/s-l500.webp,2025-03-28 08:44:48.735499,images\boat\8be36d24f31b3501cd81d43a6d7a10a8.jpg
boat,https://i.ebayimg.com/images/g/HfwAAOSwV5pnv9Kl/s-l500.webp,2025-03-28 08:44:49.500185,images\boat\251eb018adb44726b3f82972b050254c.jpg
boat,https://i.ebayimg.com/images/g/C2kAAOSwD7NnrVFm/s-l500.webp,2025-03-28 08:44:50.275084,images\boat\028ce79beb4733b66052d4fd3cd7c2e0.jpg
boat,https://i.ebayimg.com/images/g/rq8AAOSwF4tn3hQj/s-l500.webp,2025-03-28 08:44:50.841307,images\boat\e9957483ee5b7de6585622462381f19c.jpg
boat,https://i.ebayimg.com/images/g/B0YAAOSws5Bn3exy/s-l500.webp,2025-03-28 08:44:51.631937,images\boat\f2213fc6bb4aaf1e6bcb274101a28679.jpg
boat,https://i.ebayimg.com/images/g/AAIAAOSwgtxlzV8T/s-l500.webp,2025-03-28 08:44:52.274162,images\boat\e6864b23986b0684e51440fb529be477.jpg
boat,https://i.ebayimg.com/images/g/7JEAAOSwpIxn3f-k/s-l500.webp,2025-03-28 08:44:53.115987,images\boat\0a977c6c6a1c8a79a6d784e015429b45.jpg
boat,https://i.ebayimg.com/images/g/QWYAAOSwCaBn3eZy/s-l500.webp,2025-03-28 08:44:53.935045,images\boat\ef45b8892a9d089181ccbebef2ba995d.jpg
boat,https://i.ebayimg.com/images/g/IX4AAOSwZm9nR3Ts/s-l500.webp,2025-03-28 08:44:54.563410,images\boat\bdb780cb6d50703104728a6c41d0d1c7.jpg
parking meter,https://ir.ebaystatic.com/rs/v/fxxj3ttftm5ltcqnto1o4baovyl.png,2025-03-28 08:45:11.755840,images\parking meter\989d155fe0261a9d9938549a3c2f8168.png
parking meter,https://i.ebayimg.com/images/g/irUAAOSwmMNnmogn/s-l500.webp,2025-03-28 08:45:13.297589,images\parking meter\4b5ceb0f50aebdd5c00a77c6c32bebbf.jpg
parking meter,https://i.ebayimg.com/images/g/Ar0AAOSwV7hlNsDN/s-l500.webp,2025-03-28 08:45:14.082913,images\parking meter\3e09c8728e291d21e3a8fa3f34999142.jpg
parking meter,https://i.ebayimg.com/images/g/wlIAAOSwaN1nvJ07/s-l500.webp,2025-03-28 08:45:14.665465,images\parking meter\661aa734d63c549603528892307a57a5.jpg
parking meter,https://i.ebayimg.com/images/g/p5EAAOSw~u5niqdp/s-l500.webp,2025-03-28 08:45:15.426504,images\parking meter\741860f4887756717a8341ccb83e0b6f.jpg
parking meter,https://i.ebayimg.com/images/g/7kwAAOSwmKBip1rc/s-l500.webp,2025-03-28 08:45:16.239541,images\parking meter\04d3de6e0fffc22aad2eb2be18dfb20b.jpg
bench,https://ir.ebaystatic.com/rs/v/fxxj3ttftm5ltcqnto1o4baovyl.png,2025-03-28 08:45:33.438166,images\bench\989d155fe0261a9d9938549a3c2f8168.png
bench,https://i.ebayimg.com/images/g/up4AAOSw8eVn0~Kw/s-l500.webp,2025-03-28 08:45:34.741989,images\bench\9a2418713c0865ea2cd53776be3bc6a7.jpg
bench,https://i.ebayimg.com/images/g/5sIAAOSwMNJnPyaf/s-l500.webp,2025-03-28 08:45:35.308972,images\bench\d4549206404f49b1cba29472a7392038.jpg
bench,https://i.ebayimg.com/images/g/sNwAAeSwqFJnyKPI/s-l500.webp,2025-03-28 08:45:35.902290,images\bench\ab72e425f955fbf2d44a8418187a5100.jpg
bench,https://i.ebayimg.com/images/g/dpoAAOSwgfxnmTJI/s-l500.webp,2025-03-28 08:45:36.478147,images\bench\986168d53ec2a9223d54ec7467788071.jpg
bench,https://i.ebayimg.com/images/g/4-8AAOSwbQxlbXM3/s-l500.webp,2025-03-28 08:45:37.116084,images\bench\f85fdc9b17eff607305aafd3e14cf8c7.jpg
bench,https://i.ebayimg.com/images/g/p7UAAOSweQxnMv3o/s-l500.webp,2025-03-28 08:45:37.750649,images\bench\ffb4842ddbfea3fa13a947cf1d512d5a.jpg
bench,https://i.ebayimg.com/images/g/110AAOSw8c9nwHBL/s-l500.webp,2025-03-28 08:45:38.493052,images\bench\c3dcd7d91379e5b91b314d7ddb5d98fd.jpg
bench,https://i.ebayimg.com/images/g/nTsAAeSwnP9n3Qkv/s-l500.webp,2025-03-28 08:45:39.128369,images\bench\907cbff6e6345dc248e89238f500b8f5.jpg
bench,https://i.ebayimg.com/images/g/WWsAAOSwP-9m3n3n/s-l500.webp,2025-03-28 08:45:40.352688,images\bench\c58343f2835a7e50fc5c9c1a991f40b5.jpg
bench,https://i.ebayimg.com/images/g/OeAAAOSwNOxl-yX1/s-l500.webp,2025-03-28 08:45:41.170806,images\bench\a126cb814792d64676c4533823072f82.jpg
bench,https://i.ebayimg.com/images/g/A8wAAOSw5oherRMq/s-l500.webp,2025-03-28 08:45:43.985195,images\bench\43a9d60d73f3cf84c2d10f64d5f9e80b.jpg
bench,https://i.ebayimg.com/images/g/eV8AAOSwgz9mDeOH/s-l500.webp,2025-03-28 08:45:45.313627,images\bench\b921f85c4a1bdee660d2f41a166d80d2.jpg
bench,https://i.ebayimg.com/images/g/rZYAAOSwm8tlDLYn/s-l500.webp,2025-03-28 08:45:45.977141,images\bench\bbea953d4bb619ad1c6a941e4e7d0c42.jpg
bench,https://i.ebayimg.com/images/g/TEcAAOSwY3FhEiPW/s-l500.webp,2025-03-28 08:45:47.729776,images\bench\fc415e1a8c21cb33d040dc6885d1c98a.jpg
bench,https://i.ebayimg.com/images/g/I9EAAOSwdUpn4lz2/s-l500.webp,2025-03-28 08:45:48.510954,images\bench\47c3d422fa2dd1c6fea6e56f49624c61.jpg
bench,https://i.ebayimg.com/images/g/PdoAAeSwXwZn0YYo/s-l500.webp,2025-03-28 08:45:50.788983,images\bench\ed0c6352041ffe1c4b4cd99b8fe95b14.jpg
bench,https://i.ebayimg.com/images/g/D9QAAOSwr7Nll7kq/s-l500.webp,2025-03-28 08:45:51.625822,images\bench\ee87a223c4d5b0c26bd054fd37df6ac9.jpg
bench,https://i.ebayimg.com/images/g/koMAAOSw~J9nJInI/s-l500.webp,2025-03-28 08:45:52.321923,images\bench\f012a0becf984c0ee5364c4180343721.jpg
bench,https://i.ebayimg.com/images/g/864AAOSwfK5jBXT9/s-l500.webp,2025-03-28 08:45:53.265455,images\bench\3b2c14acc31118e196d5f0309854bc32.jpg
bench,https://i.ebayimg.com/images/g/ej8AAOSw-C9n3VtX/s-l500.webp,2025-03-28 08:45:54.139112,images\bench\67225a9e6584a249fa053783b5a652eb.jpg
bench,https://i.ebayimg.com/images/g/FkYAAeSw~SZn1SJv/s-l500.webp,2025-03-28 08:45:55.664200,images\bench\7bac52fe9bbae481527f7e29989e0b9c.jpg
bench,https://i.ebayimg.com/images/g/YGwAAOSw2rZn45uW/s-l500.webp,2025-03-28 08:45:56.391758,images\bench\973d90b240422988c975a48eb60ba1a7.jpg
bench,https://i.ebayimg.com/images/g/A~oAAOSwIgVmVyKL/s-l500.webp,2025-03-28 08:45:57.086535,images\bench\39a86c85824268b369e2d95f0b017af6.jpg
bench,https://i.ebayimg.com/images/g/IoQAAOSwkvNl6TUW/s-l500.webp,2025-03-28 08:45:58.788780,images\bench\4a8b4dbd6a1ff46d720a386343bd7d8a.jpg
bench,https://i.ebayimg.com/images/g/Kv4AAOSwVJhZPlDj/s-l500.webp,2025-03-28 08:46:00.643125,images\bench\4902dafe33054d5aa535d7ce57157524.jpg
bench,https://i.ebayimg.com/images/g/-dEAAOSwi55m6diM/s-l500.webp,2025-03-28 08:46:01.298178,images\bench\7053a0f4ab5ee95962f379104710d539.jpg
bench,https://i.ebayimg.com/images/g/Li8AAeSw~~dnySOR/s-l500.webp,2025-03-28 08:46:02.540518,images\bench\20d7803e1438f6b8d34bffa6681fd972.jpg
bench,https://i.ebayimg.com/images/g/YGMAAOSwd4ll9Ttm/s-l500.webp,2025-03-28 08:46:03.430357,images\bench\3129dc778254f798b2852c98030f14d7.jpg
bench,https://i.ebayimg.com/images/g/QUAAAOSwyhVnbinp/s-l500.webp,2025-03-28 08:46:04.078643,images\bench\cf7c6f196449243f3f74a5524ab2915f.jpg
bench,https://i.ebayimg.com/images/g/1OQAAOSwBVhnbmkb/s-l500.webp,2025-03-28 08:46:05.034606,images\bench\f2689b8c5f0f4615c50a9ca500379ee9.jpg
bench,https://i.ebayimg.com/images/g/2xIAAOSwt~pnysT-/s-l500.webp,2025-03-28 08:46:05.695979,images\bench\08f9640b947fa7403f9cc65b439e3bbc.jpg
bench,https://i.ebayimg.com/images/g/XdsAAOSwXdVkIr6A/s-l500.webp,2025-03-28 08:46:07.334295,images\bench\5fdaefd8684c69c44bd4df331ecca8f6.jpg
bench,https://i.ebayimg.com/images/g/Zc8AAOSwJZhl99n7/s-l500.webp,2025-03-28 08:46:08.126288,images\bench\ad21d60384f58c2f6f63b755cb83de85.jpg
bench,https://i.ebayimg.com/images/g/UUoAAOSw-1lm6bm8/s-l500.webp,2025-03-28 08:46:08.765400,images\bench\ab809300658fc72d1941d969e27a6982.jpg
bench,https://i.ebayimg.com/images/g/a4MAAOSw~ilm6a3s/s-l500.webp,2025-03-28 08:46:09.405886,images\bench\12c712bc730ee512a92fd3aa0d1acc92.jpg
bench,https://i.ebayimg.com/images/g/UAgAAOSwRSljSh4-/s-l500.webp,2025-03-28 08:46:10.230879,images\bench\e974da80ad17fee4816d95787c36728e.jpg
bench,https://i.ebayimg.com/images/g/Q1YAAOSwOi9noShp/s-l500.webp,2025-03-28 08:46:10.904061,images\bench\b306176b5681ffa4c078c1a21a2ccda2.jpg
bench,https://i.ebayimg.com/images/g/2voAAOSwj59naha3/s-l500.webp,2025-03-28 08:46:11.570396,images\bench\69ba9c5e918450cbc9d0d4549e97c651.jpg
bench,https://i.ebayimg.com/images/g/xCsAAOSwKrllZwjD/s-l500.webp,2025-03-28 08:46:12.317023,images\bench\5703195ed98e6e552aa6ba9eb312ed0c.jpg
bench,https://i.ebayimg.com/images/g/0hoAAOSwGN1nqGxG/s-l500.webp,2025-03-28 08:46:13.340444,images\bench\17070683babfcf0ea53c9335fb427de1.jpg
bench,https://i.ebayimg.com/images/g/3sMAAOSwuTtn3SQE/s-l500.webp,2025-03-28 08:46:14.128641,images\bench\8cec79699f618fd0bf804e123b053e78.jpg
bench,https://i.ebayimg.com/images/g/RFoAAOSwHsZn0jo2/s-l500.webp,2025-03-28 08:46:14.815776,images\bench\e1fa108a02200c85baa7fc30222847e9.jpg
bench,https://i.ebayimg.com/images/g/SlIAAOSwJJRk2yK7/s-l500.webp,2025-03-28 08:46:15.527656,images\bench\6f005112f53865a95470715359e62efc.jpg
bench,https://i.ebayimg.com/images/g/BAkAAOSwkZhhpJGl/s-l500.webp,2025-03-28 08:46:16.207985,images\bench\9bc5eee8da79e6322e1c3278c29ec964.jpg
bench,https://i.ebayimg.com/images/g/8cgAAOSwXDxnJIek/s-l500.webp,2025-03-28 08:46:16.980901,images\bench\3f9d2abfbdfe7718f7c5225d463d200c.jpg
bench,https://i.ebayimg.com/images/g/mFsAAOSwBYNnwHDQ/s-l500.webp,2025-03-28 08:46:17.868974,images\bench\e072a3661674e4ee8678ae88e609dc30.jpg
bench,https://i.ebayimg.com/images/g/c5AAAeSwwnBnsFTo/s-l500.webp,2025-03-28 08:46:18.767475,images\bench\4b31d18d6e9b4d70a31b568adbddd8a3.jpg
bench,https://i.ebayimg.com/images/g/X78AAeSw3ihnwXfF/s-l500.webp,2025-03-28 08:46:19.565396,images\bench\0d3c9278a6a418bc219b10033d6a73e1.jpg
bench,https://i.ebayimg.com/images/g/M3wAAOSwMFJjBy4M/s-l500.webp,2025-03-28 08:46:20.382810,images\bench\2852c15c7345a07ddcc12cb4a9bfb7c9.jpg
backpack,https://ir.ebaystatic.com/rs/v/fxxj3ttftm5ltcqnto1o4baovyl.png,2025-03-28 08:46:53.424505,images\backpack\989d155fe0261a9d9938549a3c2f8168.png
backpack,https://i.ebayimg.com/images/g/~bgAAOSwoMBlxmkO/s-l500.webp,2025-03-28 08:46:54.570199,images\backpack\5ce68eb92c0203ffdbdbb4989dd5c259.jpg
backpack,https://i.ebayimg.com/images/g/T0YAAeSwQqJnxSUZ/s-l500.webp,2025-03-28 08:46:55.456925,images\backpack\4ed5b0144fff12a1240c6943b37bf081.jpg
backpack,https://i.ebayimg.com/images/g/tEAAAOSw46VjwEw1/s-l500.webp,2025-03-28 08:46:56.366450,images\backpack\409b7b25573079092411a965e18cea42.jpg
backpack,https://i.ebayimg.com/images/g/GmMAAOSwdS9m5SbN/s-l500.webp,2025-03-28 08:46:57.024054,images\backpack\7640481d1a85de8e7b445e0f61fbe4c9.jpg
backpack,https://i.ebayimg.com/images/g/h5oAAOSwCWVlB~wB/s-l500.webp,2025-03-28 08:46:57.703751,images\backpack\fd78413358e9237de1a1ae743aec572e.jpg
backpack,https://i.ebayimg.com/images/g/WIEAAOSw3KJlCGFw/s-l500.webp,2025-03-28 08:46:58.396717,images\backpack\c8cbe120a7acc4d62c6bdfe4a80646f5.jpg
backpack,https://i.ebayimg.com/images/g/PvMAAOSwENNmMFtC/s-l500.webp,2025-03-28 08:46:59.298732,images\backpack\72c4cf97fcdc087ada371ff5e2122dc8.jpg
backpack,https://i.ebayimg.com/images/g/AeYAAOSw88VmckFx/s-l500.webp,2025-03-28 08:47:00.017883,images\backpack\a502e5e274aea605029cd4813f23e9d5.jpg
backpack,https://i.ebayimg.com/images/g/juEAAOSwBqVkygvM/s-l500.webp,2025-03-28 08:47:00.702062,images\backpack\0d6d8d8d2cead2c7f826f61bbe8605ac.jpg
backpack,https://i.ebayimg.com/images/g/LcIAAOSwlPFl4hxQ/s-l500.webp,2025-03-28 08:47:01.370407,images\backpack\d13cc2119ceb095f35bd8ad0acaeb0f2.jpg
backpack,https://i.ebayimg.com/images/g/HZEAAOSwsR5kgn1A/s-l500.webp,2025-03-28 08:47:02.215527,images\backpack\931f8e5bdb1061168d75ae421873d4d5.jpg
backpack,https://i.ebayimg.com/images/g/PkMAAOSw0Kpn4rRD/s-l500.webp,2025-03-28 08:47:02.866535,images\backpack\8b4343da4935a80d016e43d379ff283e.jpg
backpack,https://i.ebayimg.com/images/g/rbUAAOSw11VnEa-Y/s-l500.webp,2025-03-28 08:47:03.760043,images\backpack\03c5f9f83ea513ccc05115ce52e89b23.jpg
backpack,https://i.ebayimg.com/images/g/ArwAAOSwg1BmR5hv/s-l500.webp,2025-03-28 08:47:46.156191,images\backpack\44eb74880240c62243b699e9a64cdd4a.jpg
umbrella,https://ir.ebaystatic.com/rs/v/fxxj3ttftm5ltcqnto1o4baovyl.png,2025-03-28 08:48:03.035087,images\umbrella\989d155fe0261a9d9938549a3c2f8168.png
umbrella,https://i.ebayimg.com/images/g/9-UAAOSwTpRnIzKb/s-l500.webp,2025-03-28 08:48:04.193670,images\umbrella\4a2c71b46625d5759ada0f6ef9c6f5a0.jpg
umbrella,https://i.ebayimg.com/images/g/OgwAAOSw0FJnIzBy/s-l500.webp,2025-03-28 08:48:04.796476,images\umbrella\affc9a87d4d2d1bad012285b60492ad8.jpg
umbrella,https://i.ebayimg.com/images/g/L6sAAOSwPwlmwqTs/s-l500.webp,2025-03-28 08:48:05.573351,images\umbrella\ac5453322cf110851d88b28893250515.jpg
umbrella,https://i.ebayimg.com/images/g/6-oAAOSw-nFnmnBK/s-l500.webp,2025-03-28 08:48:06.162090,images\umbrella\fa62d452c2210e805770216f3361da0e.jpg
umbrella,https://i.ebayimg.com/images/g/KJMAAOSwuENm-6h-/s-l500.webp,2025-03-28 08:48:06.744400,images\umbrella\e7ea928fd32822831c0d1580ef89f348.jpg
umbrella,https://i.ebayimg.com/images/g/LdsAAOSwPoRkbDn0/s-l500.webp,2025-03-28 08:48:07.367828,images\umbrella\9e648b41ea4fbe053d02d46a3201ad81.jpg
umbrella,https://i.ebayimg.com/images/g/BnUAAOSwWQRnDg7p/s-l500.webp,2025-03-28 08:48:08.035367,images\umbrella\b43beca6599bcea2a3038bf13756492e.jpg
umbrella,https://i.ebayimg.com/images/g/P~MAAOSwDYFmN-q1/s-l500.webp,2025-03-28 08:48:08.631852,images\umbrella\b3b5ad106b1eacd2fc2a3ae556707fce.jpg
umbrella,https://i.ebayimg.com/images/g/0M8AAOSwWbtmCEvg/s-l500.webp,2025-03-28 08:48:09.232370,images\umbrella\59b4bb49faa84f9a4f05225d6ee0948a.jpg
umbrella,https://i.ebayimg.com/images/g/h34AAOSwS9BdKteZ/s-l500.webp,2025-03-28 08:48:09.806545,images\umbrella\01ac54d0dd7731987cb69b8971d41515.jpg
umbrella,https://i.ebayimg.com/images/g/160AAOSweEdmmdnf/s-l500.webp,2025-03-28 08:48:10.994396,images\umbrella\82a9e252aa986807f1fc75e9ec0f6599.jpg
umbrella,https://i.ebayimg.com/images/g/cn4AAOSw8dlmjic7/s-l500.webp,2025-03-28 08:48:11.827051,images\umbrella\c9d09f0af94be679a4cf639c3a4f02eb.jpg
umbrella,https://i.ebayimg.com/images/g/EOsAAOSw-jZmo6cq/s-l500.webp,2025-03-28 08:48:12.610632,images\umbrella\f5806899c157cd48500b5996511bd150.jpg
umbrella,https://i.ebayimg.com/images/g/2WYAAOSw1S9hurM0/s-l500.webp,2025-03-28 08:48:13.568870,images\umbrella\dc91e8f464b2f7d5b68c5bc12dfe6e1e.jpg
umbrella,https://i.ebayimg.com/images/g/J6UAAOSwKLJmnROT/s-l500.webp,2025-03-28 08:48:14.200304,images\umbrella\7aaff6ed5bbe5b5839309c36474f8ea5.jpg
umbrella,https://i.ebayimg.com/images/g/6qoAAOSw5sxlIINi/s-l500.webp,2025-03-28 08:48:15.365251,images\umbrella\7ea693f71f15fc7092e5fd6f5ccb9de6.jpg
umbrella,https://i.ebayimg.com/images/g/U5UAAOSwbPtkZIx-/s-l500.webp,2025-03-28 08:48:16.013275,images\umbrella\f9dcb1cfe207ee8f39cb3d87a826009d.jpg
umbrella,https://i.ebayimg.com/images/g/Hz0AAOSw48ZjVkoF/s-l500.webp,2025-03-28 08:48:17.165185,images\umbrella\e9adfdab9a80c76cc7127e669d0cc436.jpg
umbrella,https://i.ebayimg.com/images/g/rvYAAOSwXxZnmVTR/s-l500.webp,2025-03-28 08:48:17.740002,images\umbrella\a001ba9efd0350a9e3a8f36872f5d606.jpg
umbrella,https://i.ebayimg.com/images/g/JE0AAOSwgCJnEMkU/s-l500.webp,2025-03-28 08:48:18.522733,images\umbrella\4edd0876089e65b9fb3b7fa485a5da09.jpg
umbrella,https://i.ebayimg.com/images/g/yy4AAOSw5HNmnC~4/s-l500.webp,2025-03-28 08:48:19.318719,images\umbrella\4e203ba030ca3b0fb2d42b1266052dee.jpg
umbrella,https://i.ebayimg.com/images/g/xc0AAOSw4ORnn4Cx/s-l500.webp,2025-03-28 08:48:20.092733,images\umbrella\0253fe6a13bdc4795125c14a4c2976aa.jpg
umbrella,https://i.ebayimg.com/images/g/DLIAAOSwhJBm54jQ/s-l500.webp,2025-03-28 08:48:20.728979,images\umbrella\9447a56dca3361d3597f86a5573c2725.jpg
umbrella,https://i.ebayimg.com/images/g/6NUAAOSwy4lnLGNv/s-l500.webp,2025-03-28 08:48:21.363513,images\umbrella\0f78d35865b3794dc15a470a4b7454b1.jpg
umbrella,https://i.ebayimg.com/images/g/4W8AAOSwNHthUkcG/s-l500.webp,2025-03-28 08:48:21.927149,images\umbrella\553bed9902e549d7f899d076b9071773.jpg
umbrella,https://i.ebayimg.com/images/g/bc8AAOSwby9mjkzG/s-l500.webp,2025-03-28 08:48:22.561198,images\umbrella\568a6fea3f04c52cce657d91c19e826c.jpg
umbrella,https://i.ebayimg.com/images/g/tagAAOSw1ttnxsXU/s-l500.webp,2025-03-28 08:48:23.958731,images\umbrella\cc5597ecf7ccf84c3773c2eee836d9bc.jpg
umbrella,https://i.ebayimg.com/images/g/VdAAAOSwshdkeVCC/s-l500.webp,2025-03-28 08:48:24.724346,images\umbrella\13cb45eda5d9b723070c0c6797aed243.jpg
umbrella,https://i.ebayimg.com/images/g/E6kAAOSwM7Bn0Exm/s-l500.webp,2025-03-28 08:48:25.337685,images\umbrella\8aad7c1714b0a971e61baeffd96f7808.jpg
umbrella,https://i.ebayimg.com/images/g/zf8AAOSwsiBksRXj/s-l500.webp,2025-03-28 08:48:26.097187,images\umbrella\885a9bf781fa4ec5730301f4412318ec.jpg
umbrella,https://i.ebayimg.com/images/g/mEkAAOSw6udgKKlu/s-l500.webp,2025-03-28 08:48:26.944387,images\umbrella\643b4bb1fd9b1cad3e9c6ca3dcbe1cca.jpg
umbrella,https://i.ebayimg.com/images/g/~T0AAOSwCa1mav-k/s-l500.webp,2025-03-28 08:48:27.558110,images\umbrella\304a65b56a1a0a2247e7de6f5887d837.jpg
umbrella,https://i.ebayimg.com/images/g/NFEAAOSwGe9kRhgI/s-l500.webp,2025-03-28 08:48:28.208003,images\umbrella\2093d16194a44b0d3cc00883de6fc1d4.jpg
umbrella,https://i.ebayimg.com/images/g/zG8AAOSwNyBmPYl9/s-l500.webp,2025-03-28 08:48:28.826309,images\umbrella\919ec4092b1f8ca65bc824c3b4abc292.jpg
umbrella,https://i.ebayimg.com/images/g/aXwAAOSwi1BnyZNx/s-l500.webp,2025-03-28 08:48:29.471252,images\umbrella\395fbc2204c5c368e09a7b5f79831136.jpg
umbrella,https://i.ebayimg.com/images/g/QW4AAOSweqBjV4tH/s-l500.webp,2025-03-28 08:48:30.155827,images\umbrella\aebf0a9b2c8dc1025973c65a7461ed33.jpg
umbrella,https://i.ebayimg.com/images/g/V8MAAOSw2cZnNbSD/s-l500.webp,2025-03-28 08:48:30.782975,images\umbrella\9df4e1e12fe2f4755a4e3bca4d32b69f.jpg
umbrella,https://i.ebayimg.com/images/g/QZsAAOSwiS9fM39q/s-l500.webp,2025-03-28 08:48:31.553603,images\umbrella\ecf75081be36447497ee7d2fc18ce3a1.jpg
umbrella,https://i.ebayimg.com/images/g/T10AAOSw6bFnM5d~/s-l500.webp,2025-03-28 08:48:32.331865,images\umbrella\691a2e21aabffb0faad617594426d031.jpg
umbrella,https://i.ebayimg.com/images/g/8MUAAOSwfBZnyBMZ/s-l500.webp,2025-03-28 08:48:33.357507,images\umbrella\509f310ef49c21fc8d62833f88db3b6a.jpg
umbrella,https://i.ebayimg.com/images/g/3Z0AAOSwu35m2bsZ/s-l500.webp,2025-03-28 08:48:34.170948,images\umbrella\57096d073c9190db8e4c6b578b0fc536.jpg
umbrella,https://i.ebayimg.com/images/g/AGAAAOSw5upkmzgG/s-l500.webp,2025-03-28 08:48:34.792655,images\umbrella\502ec90da8eadc6973ca9b7c0faeb0a3.jpg
umbrella,https://i.ebayimg.com/images/g/oW8AAOSwuXNhiCIR/s-l500.webp,2025-03-28 08:48:35.405561,images\umbrella\b9efb63e597e9397991800c2debd66a4.jpg
umbrella,https://i.ebayimg.com/images/g/C7QAAOSwSJhlm4Sh/s-l500.webp,2025-03-28 08:48:36.048667,images\umbrella\8ba33cfdb962902f994a5755f45356cd.jpg
umbrella,https://i.ebayimg.com/images/g/60kAAOSwaDVmtUyY/s-l500.webp,2025-03-28 08:48:36.851942,images\umbrella\d2d6b94f69e0befa17a1a00236a96d3e.jpg
umbrella,https://i.ebayimg.com/images/g/T7wAAOSwtuNnzlQK/s-l500.webp,2025-03-28 08:48:37.501967,images\umbrella\b7b676dd4facfffaff485b8707917194.jpg
umbrella,https://i.ebayimg.com/images/g/PNQAAOSweV9lZ4qa/s-l500.webp,2025-03-28 08:48:38.063804,images\umbrella\c451a83b1465ace613e09b2d099122f5.jpg
umbrella,https://i.ebayimg.com/images/g/RhAAAOSw499m6~PQ/s-l500.webp,2025-03-28 08:48:38.843195,images\umbrella\b3d65e5b863543c6eb526520ed83b0ad.jpg
umbrella,https://i.ebayimg.com/images/g/Oq8AAOSw7OxnXViZ/s-l500.webp,2025-03-28 08:48:39.416573,images\umbrella\06a48f4e1ca6c40caaa8559e64a8808d.jpg
handbag,https://ir.ebaystatic.com/rs/v/fxxj3ttftm5ltcqnto1o4baovyl.png,2025-03-28 08:48:56.806029,images\handbag\989d155fe0261a9d9938549a3c2f8168.png
handbag,https://i.ebayimg.com/images/g/7uYAAeSwonJnrddR/s-l500.webp,2025-03-28 08:48:58.117568,images\handbag\d2274199f8a916c8105e415f1aec97a7.jpg
handbag,https://i.ebayimg.com/images/g/Cj8AAOSwVepn5d25/s-l500.webp,2025-03-28 08:48:58.729528,images\handbag\3eb3e71d7e8b83180eac96ecd2ad2a79.jpg
handbag,https://i.ebayimg.com/images/g/p20AAOSw5lRnECKt/s-l500.webp,2025-03-28 08:48:59.295170,images\handbag\9e8768f6ba69de5b183f49446bf4e5b8.jpg
handbag,https://i.ebayimg.com/images/g/vlYAAOSwn3RnVhcD/s-l500.webp,2025-03-28 08:49:00.056735,images\handbag\2c439f5e7433d1b34f12c2f38c6e3904.jpg
handbag,https://i.ebayimg.com/images/g/uDEAAeSwd99nxNd9/s-l500.webp,2025-03-28 08:49:00.974551,images\handbag\3d12b4218c78c1a269fb46afb621f427.jpg
handbag,https://i.ebayimg.com/images/g/GjAAAOSwA6hneuhP/s-l500.webp,2025-03-28 08:49:01.580624,images\handbag\5f50a457c01f1df03468f95e2dbe6eea.jpg
handbag,https://i.ebayimg.com/images/g/iHAAAOSwpjRmxn3U/s-l500.webp,2025-03-28 08:49:02.239506,images\handbag\e599b9459e4b60a681731cba3b8ea372.jpg
handbag,https://i.ebayimg.com/images/g/CSUAAOSw6-tn2404/s-l500.webp,2025-03-28 08:49:02.876695,images\handbag\2ab395048d1548db179aa457d491ca1b.jpg
tie,https://ir.ebaystatic.com/rs/v/fxxj3ttftm5ltcqnto1o4baovyl.png,2025-03-28 08:49:34.946724,images\tie\989d155fe0261a9d9938549a3c2f8168.png
tie,https://i.ebayimg.com/images/g/LBoAAOSwYIhlzoud/s-l500.webp,2025-03-28 08:49:36.392406,images\tie\dd79aad067589227c3c44dab91b9ba9c.jpg
tie,https://i.ebayimg.com/images/g/2RoAAOSwT~1nOucM/s-l500.webp,2025-03-28 08:49:37.257888,images\tie\bfe1344c67ae5ee235d9dfa6803b0dd5.jpg
tie,https://i.ebayimg.com/images/g/-SIAAOSwWUhk7UFz/s-l500.webp,2025-03-28 08:49:38.044029,images\tie\191952dd6099c18208fe980fdab57751.jpg
tie,https://i.ebayimg.com/images/g/GvMAAOSw7HlfQwgX/s-l500.webp,2025-03-28 08:49:38.629832,images\tie\b8d7dc2f18a648a9722f494c57476a36.jpg
tie,https://i.ebayimg.com/images/g/8v4AAOSwJKVhU5Oc/s-l500.webp,2025-03-28 08:49:39.212317,images\tie\318c3fc18ceecb33c256ea15a0deed99.jpg
tie,https://i.ebayimg.com/images/g/5U0AAOSwx-BnxLCY/s-l500.webp,2025-03-28 08:49:40.085413,images\tie\d404eda4e93360b9ce92c753067b0bc3.jpg
tie,https://i.ebayimg.com/images/g/eR0AAOSw1qRmuKqR/s-l500.webp,2025-03-28 08:49:40.692368,images\tie\eca38c19f5bd831892bc8163cba82e74.jpg
tie,https://i.ebayimg.com/images/g/F6gAAeSwKXVny0vM/s-l500.webp,2025-03-28 08:49:41.519909,images\tie\94ddb770148cc03cd6eaa91151c66da6.jpg
suitcase,https://ir.ebaystatic.com/rs/v/fxxj3ttftm5ltcqnto1o4baovyl.png,2025-03-28 08:49:58.331150,images\suitcase\989d155fe0261a9d9938549a3c2f8168.png
suitcase,https://i.ebayimg.com/images/g/PXsAAOSwwkVnsp75/s-l500.webp,2025-03-28 08:49:59.441938,images\suitcase\1720890d397104d512be234a2b7d2202.jpg
suitcase,https://i.ebayimg.com/images/g/Vf0AAOSwyqxmv1Nf/s-l500.webp,2025-03-28 08:50:00.080408,images\suitcase\9e8b70bd7b32972e9bc4ff1e41e71323.jpg
suitcase,https://i.ebayimg.com/images/g/6iwAAOSwDKZm8yRg/s-l500.webp,2025-03-28 08:50:00.854759,images\suitcase\baaeba0d34c4011856bc97573ec2b7ee.jpg
suitcase,https://i.ebayimg.com/images/g/6-EAAOSwj89nf9kt/s-l500.webp,2025-03-28 08:50:01.724693,images\suitcase\47da5b55fe3ce5f16c8a0092dca41505.jpg
suitcase,https://i.ebayimg.com/images/g/pz4AAOSw~9ZkIsD4/s-l500.webp,2025-03-28 08:50:02.326714,images\suitcase\138ce7a974e1f36d8c7cd4f7aa66ceea.jpg
suitcase,https://i.ebayimg.com/images/g/LKYAAOSwhAJgUWK4/s-l500.webp,2025-03-28 08:50:02.923002,images\suitcase\9265ae47cfbf33453057763f20adc918.jpg
suitcase,https://i.ebayimg.com/images/g/LjAAAOSwlUlkkJz0/s-l500.webp,2025-03-28 08:50:03.672133,images\suitcase\2c1609c638905e07218ec0b6f6639e0e.jpg
suitcase,https://i.ebayimg.com/images/g/ftUAAOSwX3BnQYwC/s-l500.webp,2025-03-28 08:50:04.283985,images\suitcase\d187fe4683372bcfde893f59b015b963.jpg
suitcase,https://i.ebayimg.com/images/g/6pwAAOSwcaFlb-LJ/s-l500.webp,2025-03-28 08:50:06.322699,images\suitcase\86fd2a702e3535ae72a009abad090ef7.jpg
suitcase,https://i.ebayimg.com/images/g/MisAAOSwMQ5k3ZVT/s-l500.webp,2025-03-28 08:50:06.954438,images\suitcase\9e7676685811bf4414a311576454cdc5.jpg
suitcase,https://i.ebayimg.com/images/g/Yy0AAOSw8yFjfckQ/s-l500.webp,2025-03-28 08:50:07.708136,images\suitcase\6cfb2a1e21a24b3338348f5277066588.jpg
suitcase,https://i.ebayimg.com/images/g/~n8AAOSwlVtlGBhr/s-l500.webp,2025-03-28 08:50:08.313607,images\suitcase\9877d1f7f359efe33f6f63c59f036f90.jpg
suitcase,https://i.ebayimg.com/images/g/HJgAAOSwvGRmaUyJ/s-l500.webp,2025-03-28 08:50:08.938205,images\suitcase\8b20210ddd0eb0beb0ef3f5b02e09dc0.jpg
suitcase,https://i.ebayimg.com/images/g/HeUAAOSwjIdlWss6/s-l500.webp,2025-03-28 08:50:09.574154,images\suitcase\bb62d300c9b41208ceee0ee556026d12.jpg
suitcase,https://i.ebayimg.com/images/g/DGIAAOSw5AhnY~iG/s-l500.webp,2025-03-28 08:50:10.177419,images\suitcase\327061b9e9f5fa9b13da1e0c1aa58a2b.jpg
suitcase,https://i.ebayimg.com/images/g/gcUAAOSwzQJn2NrR/s-l500.webp,2025-03-28 08:50:10.810271,images\suitcase\9ccd2537c01d5f57e3fe600267215197.jpg
suitcase,https://i.ebayimg.com/images/g/YJcAAOSwYwJnhNRZ/s-l500.webp,2025-03-28 08:50:11.403673,images\suitcase\645a6ea14a795b808b60d9d00157a173.jpg
suitcase,https://i.ebayimg.com/images/g/eGoAAOSwE9VnB40J/s-l500.webp,2025-03-28 08:50:12.029293,images\suitcase\bfa786ac15cdf6a1682d10e1a7e982d6.jpg
suitcase,https://i.ebayimg.com/images/g/3GAAAOSw7ndne7v0/s-l500.webp,2025-03-28 08:50:12.776169,images\suitcase\efb9d850ecd6502499956bc944e44f08.jpg
suitcase,https://i.ebayimg.com/images/g/ezQAAOSwpxhnd-40/s-l500.webp,2025-03-28 08:50:13.548259,images\suitcase\8ab1507ad2f462d7eb9d70fb72a0cb87.jpg
suitcase,https://i.ebayimg.com/images/g/-pcAAeSwMD9n5Zx8/s-l500.webp,2025-03-28 08:50:14.428685,images\suitcase\93b6e1b6d792eac966a3a95bb6ebdb1f.jpg
suitcase,https://i.ebayimg.com/images/g/IBgAAOSw935nfJb3/s-l500.webp,2025-03-28 08:50:15.228500,images\suitcase\866d106a37565043cfa667a840c599f4.jpg
suitcase,https://i.ebayimg.com/images/g/24oAAOSwGzxmzExA/s-l500.webp,2025-03-28 08:50:15.868083,images\suitcase\b6716ef25dbc58f2687ec6c940d3c83f.jpg
suitcase,https://i.ebayimg.com/images/g/uRcAAOSwnKVnsPMw/s-l500.webp,2025-03-28 08:50:16.531315,images\suitcase\f80ae32add244ca49b9df7ff17b0ab64.jpg
suitcase,https://i.ebayimg.com/images/g/RkoAAOSwPfhn0qD7/s-l500.webp,2025-03-28 08:50:17.190071,images\suitcase\bf0cd638172fbed27fc79c3dd3fa17d0.jpg
suitcase,https://i.ebayimg.com/images/g/2coAAOSwh6Fn28tM/s-l500.webp,2025-03-28 08:50:17.849876,images\suitcase\5a22c95a9733939dbd39de2fe11db473.jpg
suitcase,https://i.ebayimg.com/images/g/zxMAAOSwsVtnDSJr/s-l500.webp,2025-03-28 08:50:18.486655,images\suitcase\c2730f8aa5d48d9ae440c82e47417dd1.jpg
suitcase,https://i.ebayimg.com/images/g/J0UAAOSw~p5ilpN2/s-l500.webp,2025-03-28 08:50:19.713627,images\suitcase\2a29c1ecb0f0a0d87e83807b89a31a9b.jpg
suitcase,https://i.ebayimg.com/images/g/RHoAAeSwFBpn5cy9/s-l500.webp,2025-03-28 08:50:20.758106,images\suitcase\88cc345826c10a39560bec5284d17679.jpg
suitcase,https://i.ebayimg.com/images/g/TUYAAOSwFtNnrSWT/s-l500.webp,2025-03-28 08:50:21.348796,images\suitcase\b9db238186b02d04d0659b2b339680f1.jpg
suitcase,https://i.ebayimg.com/images/g/N2sAAOSwqxNn3uCz/s-l500.webp,2025-03-28 08:50:22.049477,images\suitcase\e4b49799cac975a03dee07c5e66d2e40.jpg
suitcase,https://i.ebayimg.com/images/g/eWgAAOSw6P1nkWgk/s-l500.webp,2025-03-28 08:50:22.660172,images\suitcase\275c57cc3340fa2271495443f54de90c.jpg
suitcase,https://i.ebayimg.com/images/g/l58AAOSwRxVnK6s9/s-l500.webp,2025-03-28 08:50:23.341815,images\suitcase\30f6d85d1ece450351d41d73467464e0.jpg
suitcase,https://i.ebayimg.com/images/g/388AAOSwcORkdbJS/s-l500.webp,2025-03-28 08:50:24.691898,images\suitcase\e0addbd7e368952a5a9beeb47deb1c77.jpg
suitcase,https://i.ebayimg.com/images/g/myEAAOSwuEdkP4rQ/s-l500.webp,2025-03-28 08:50:25.443972,images\suitcase\bd55b801780763a5b6b3e84feedee058.jpg
suitcase,https://i.ebayimg.com/images/g/PgoAAOSwIw5miEQG/s-l500.webp,2025-03-28 08:50:26.218937,images\suitcase\3f89038c6db32c991cacf15136a3bdda.jpg
suitcase,https://i.ebayimg.com/images/g/I-MAAOSwPW1nzEFi/s-l500.webp,2025-03-28 08:50:26.876200,images\suitcase\fd7d1fc5e89c0c89135f5d8100e22f6b.jpg
suitcase,https://i.ebayimg.com/images/g/WPwAAOSwT1xneTyS/s-l500.webp,2025-03-28 08:50:27.629520,images\suitcase\72fbb4d8434882b622f88439aa38933a.jpg
suitcase,https://i.ebayimg.com/images/g/UjQAAOSwLCxne2HJ/s-l500.webp,2025-03-28 08:50:28.322862,images\suitcase\b3004f5906e2c8d51794658754bdaebc.jpg
suitcase,https://i.ebayimg.com/images/g/0eQAAOSw35RnMZse/s-l500.webp,2025-03-28 08:50:29.013630,images\suitcase\b8a97c317dc9c6ce01f6bab06f4ef9d3.jpg
suitcase,https://i.ebayimg.com/images/g/TxwAAOSwa3lnH1Zj/s-l500.webp,2025-03-28 08:50:29.675914,images\suitcase\4577b06fd3800157b1a5147923e3c337.jpg
suitcase,https://i.ebayimg.com/images/g/DWEAAOSwNXdnHzu8/s-l500.webp,2025-03-28 08:50:30.286257,images\suitcase\dc577e6d0b576f6ea18294272f611a6b.jpg
suitcase,https://i.ebayimg.com/images/g/AI4AAOSwbL1j93a2/s-l500.webp,2025-03-28 08:50:30.899339,images\suitcase\e35011af73e9327437d32cfef837e58a.jpg
suitcase,https://i.ebayimg.com/images/g/u3IAAOSwMsJifclt/s-l500.webp,2025-03-28 08:50:31.700244,images\suitcase\9363ea9aa3e9cabd25da537a795c426f.jpg
suitcase,https://i.ebayimg.com/images/g/PPgAAOSwhylkd4ZJ/s-l500.webp,2025-03-28 08:50:32.440156,images\suitcase\0618f9aa3735d256ee72bde49c696dfe.jpg
suitcase,https://i.ebayimg.com/images/g/XekAAeSw94Jn5WtX/s-l500.webp,2025-03-28 08:50:33.952456,images\suitcase\10bf0c300d7855d76548d029bc0c8e7b.jpg
suitcase,https://i.ebayimg.com/images/g/oN0AAeSwsVpnz6Rs/s-l500.webp,2025-03-28 08:50:34.613023,images\suitcase\3cfef9981787d2ec08ee311e66f2a06f.jpg
suitcase,https://i.ebayimg.com/images/g/ZL0AAOSw6cNnyg-n/s-l500.webp,2025-03-28 08:50:36.190839,images\suitcase\5e61066f1c98f9fcd6de500b4746fbb5.jpg
suitcase,https://i.ebayimg.com/images/g/aXwAAOSw3PdnJ8SU/s-l500.webp,2025-03-28 08:50:37.078187,images\suitcase\ee7b51e0c5503452e4508a4b53783a7c.jpg
frisbee,https://ir.ebaystatic.com/rs/v/fxxj3ttftm5ltcqnto1o4baovyl.png,2025-03-28 08:50:54.908116,images\frisbee\989d155fe0261a9d9938549a3c2f8168.png
frisbee,https://i.ebayimg.com/images/g/~1AAAOSw51lmDwiw/s-l500.webp,2025-03-28 08:50:56.218672,images\frisbee\eaab392d4520f7a6b7b68a5df03464b1.jpg
frisbee,https://i.ebayimg.com/images/g/BZAAAOSwmV5kCPRl/s-l500.webp,2025-03-28 08:50:57.008394,images\frisbee\69d6450fa53daef19908f07b369d07b0.jpg
frisbee,https://i.ebayimg.com/images/g/oxcAAOSwYwNlOySJ/s-l500.webp,2025-03-28 08:50:57.816804,images\frisbee\a5c61e3cfc6136574ba7662ad3c20c36.jpg
frisbee,https://i.ebayimg.com/images/g/iKAAAOSw6h1nP55s/s-l500.webp,2025-03-28 08:50:58.743641,images\frisbee\01f174f7329cc63d5a349fc424981dfb.jpg
frisbee,https://i.ebayimg.com/images/g/us0AAOSwdnFnlraA/s-l500.webp,2025-03-28 08:50:59.361112,images\frisbee\61e16cec79451cb02b6312b46373c25b.jpg
frisbee,https://i.ebayimg.com/images/g/uJkAAOSwViRmocOY/s-l500.webp,2025-03-28 08:51:00.026891,images\frisbee\d320c844382618552c996f54a13ac8db.jpg
frisbee,https://i.ebayimg.com/images/g/sQUAAOSwGHln4xu-/s-l500.webp,2025-03-28 08:51:00.779578,images\frisbee\aaa1b5d35540df436cd72777b22ec72b.jpg
frisbee,https://i.ebayimg.com/images/g/DVQAAOSw36ZnlrXW/s-l500.webp,2025-03-28 08:51:01.390242,images\frisbee\354804f2507b1a6e5d8804f3a370a715.jpg
frisbee,https://i.ebayimg.com/images/g/lnsAAOSwRfxmZ5uN/s-l500.webp,2025-03-28 08:51:03.627839,images\frisbee\ba81574abd3f9740ad793e01f9e60600.jpg
frisbee,https://i.ebayimg.com/images/g/nUYAAOSwbnBnDruU/s-l500.webp,2025-03-28 08:51:04.472201,images\frisbee\0657dfa21e7d7a6631cee5b4dd1fa33a.jpg
frisbee,https://i.ebayimg.com/images/g/X8sAAOSwwepmtUad/s-l500.webp,2025-03-28 08:51:05.269475,images\frisbee\1c0130c99d18b800071c3fccccfafbee.jpg
skis,https://ir.ebaystatic.com/rs/v/fxxj3ttftm5ltcqnto1o4baovyl.png,2025-03-28 08:51:24.975560,images\skis\989d155fe0261a9d9938549a3c2f8168.png
skis,https://i.ebayimg.com/images/g/9sQAAOSwQMNn5XVf/s-l500.webp,2025-03-28 08:51:26.278612,images\skis\5e136a5271a4437ae727c9b49b6c6fcc.jpg
skis,https://i.ebayimg.com/images/g/NjsAAOSwTANnlVV4/s-l500.webp,2025-03-28 08:51:26.918184,images\skis\a0fbd3da32311a3b6b380b94ccb9e9c3.jpg
skis,https://i.ebayimg.com/images/g/5e8AAOSwvTpaLq7t/s-l500.webp,2025-03-28 08:51:27.527968,images\skis\071dc5eb7c6fac6839c1d52e10d8adde.jpg
skis,https://i.ebayimg.com/images/g/BD4AAeSwOelnw4oR/s-l500.webp,2025-03-28 08:51:28.253999,images\skis\98f81b8b40ec55e9c9c30e013e857d73.jpg
